<?xml version="1.0" encoding="UTF-8"?>
<project-private xmlns="http://www.netbeans.org/ns/project-private/1">
    <editor-bookmarks xmlns="http://www.netbeans.org/ns/editor-bookmarks/2" lastBookmarkId="1"/>
    <open-files xmlns="http://www.netbeans.org/ns/projectui-open-files/2">
        <group>
            <file>file:/D:/noam%20pc/handesaim/2020-2021/ilan%20-%20java/JavaProjects/XOGameProjFinal/src/Controller.java</file>
            <file>file:/D:/noam%20pc/handesaim/2020-2021/ilan%20-%20java/JavaProjects/XOGameProjFinal/src/Model.java</file>
            <file>file:/D:/noam%20pc/handesaim/2020-2021/ilan%20-%20java/JavaProjects/XOGameProjFinal/src/Location.java</file>
            <file>file:/D:/noam%20pc/handesaim/2020-2021/ilan%20-%20java/JavaProjects/XOGameProjFinal/src/View.java</file>
        </group>
    </open-files>
</project-private>
