<?xml version="1.0" encoding="UTF-8"?>
<project-private xmlns="http://www.netbeans.org/ns/project-private/1">
    <editor-bookmarks xmlns="http://www.netbeans.org/ns/editor-bookmarks/2" lastBookmarkId="0"/>
    <open-files xmlns="http://www.netbeans.org/ns/projectui-open-files/2">
        <group>
            <file>file:/C:/handesaim/2020-2021/ilan%20-%20java/JavaProjects/Lab3Proj/src/Ex6.java</file>
            <file>file:/C:/handesaim/2020-2021/ilan%20-%20java/JavaProjects/Lab3Proj/src/Ex3.java</file>
            <file>file:/C:/handesaim/2020-2021/ilan%20-%20java/JavaProjects/Lab3Proj/src/Ex1.java</file>
            <file>file:/C:/handesaim/2020-2021/ilan%20-%20java/JavaProjects/Lab3Proj/src/Ex2.java</file>
            <file>file:/C:/handesaim/2020-2021/ilan%20-%20java/JavaProjects/Lab3Proj/src/Ex5.java</file>
            <file>file:/C:/handesaim/2020-2021/ilan%20-%20java/JavaProjects/Lab3Proj/src/Ex4.java</file>
        </group>
    </open-files>
</project-private>
