<?xml version="1.0" encoding="UTF-8"?>
<project-private xmlns="http://www.netbeans.org/ns/project-private/1">
    <editor-bookmarks xmlns="http://www.netbeans.org/ns/editor-bookmarks/2" lastBookmarkId="0"/>
    <open-files xmlns="http://www.netbeans.org/ns/projectui-open-files/2">
        <group>
            <file>file:/E:/.KiryaNoarTeach/2020-21/YudGimel/NBProjetcs/InheritanceProj/src/turtle/TurtleDemo.java</file>
            <file>file:/E:/.KiryaNoarTeach/2020-21/YudGimel/NBProjetcs/InheritanceProj/src/Main.java</file>
            <file>file:/E:/.KiryaNoarTeach/2020-21/YudGimel/NBProjetcs/InheritanceProj/src/Teacher.java</file>
            <file>file:/E:/.KiryaNoarTeach/2020-21/YudGimel/NBProjetcs/InheritanceProj/src/Person.java</file>
            <file>file:/E:/.KiryaNoarTeach/2020-21/YudGimel/NBProjetcs/InheritanceProj/src/Worker.java</file>
            <file>file:/E:/.KiryaNoarTeach/2020-21/YudGimel/NBProjetcs/InheritanceProj/src/Rakaz.java</file>
            <file>file:/E:/.KiryaNoarTeach/2020-21/YudGimel/NBProjetcs/InheritanceProj/src/Date.java</file>
            <file>file:/E:/.KiryaNoarTeach/2020-21/YudGimel/NBProjetcs/InheritanceProj/src/Student.java</file>
            <file>file:/E:/.KiryaNoarTeach/2020-21/YudGimel/NBProjetcs/InheritanceProj/src/Cleaner.java</file>
        </group>
    </open-files>
</project-private>
